question_id,answer
Q01,"Earned Leave (EL) accrues at a fixed rate each month:

| Situation | Accrual rate | Notes |
|-----------|--------------|-------|
| **After completing 1 year of continuous service** (and at least 240 days worked that year) | **1.25 days per month** | You’re eligible for 15 days of EL once you hit the 1‑year mark; thereafter you earn 1.25 days every month. |
| **During probation** | **0.5 days per month** | This accrual is available only after you’re confirmed post‑probation. |

So, if you’re past your first year, you’ll add 1.25 EL days to your balance each month. If you’re still on probation, you’ll add 0.5 EL days per month."
Q02,"I am sorry, currently I am not able to answer your question. I will work and answer you question."
Q03,"You are entitled to **26 weeks of paid Maternity Leave** for the first two live births.  
If you are having a third child, the entitlement is **12 weeks**.  
Additionally, you may take up to **8 weeks of pre‑natal leave** before the expected delivery date."
Q04,"Yes. According to Zyro Dynamics’ leave policy, a medical certificate is required **only when you take sick leave for more than two consecutive days**.  
- If your sick leave is 1 or 2 consecutive days, a medical certificate is not mandatory.  
- For any sick leave exceeding two days, you must submit a certificate from a registered medical practitioner within **three working days** after you return to work."
Q05,"Your salary is credited to your registered bank account **by the 7th of the following month**. This is the standard payday for all employees, unless the Payroll team communicates a change in advance."
Q06,The salary range for an **L4 Senior** employee is **₹16.0 L to ₹26.0 L per annum** (CTC).
Q07,"The company provides **Group Medical Insurance** coverage of up to **₹5,00,000 per year** for the employee, the employee’s spouse, and up to two dependent children. All premiums for this insurance are fully paid by the company."
Q08,"You will be placed on a Performance Improvement Plan (PIP) if you receive a rating of **1 (Does Not Meet Expectations) or 2 (Partially Meets Expectations)** in **two consecutive performance review cycles**.  

Once this occurs, the PIP will be initiated with a structured, time‑bound program (60‑90 days) that includes:

* Specific, measurable improvement targets agreed at the start of the PIP  
* Mandatory weekly check‑in meetings with your manager  
* HR Business Partner attendance at all formal PIP review meetings and full documentation of the process  

This policy is outlined in the Zyro Dynamics Performance Review Policy (Doc Code: ZDL‑HR‑005, Version V.03, Effective 01 April 2025)."
Q09,"The **Annual Performance Review (APR)** is scheduled **once a year, in March**. This review is the final step in the yearly cycle, where the employee receives a final rating, and decisions on increments and promotions are made."
Q10,"According to the policy, **all permanent employees at grade L3 and above are eligible to work from home**.  
If you are at a lower grade (L1 or L2) or on probation, WFH is not automatically available; you would need **written approval from the HR Director on a case‑by‑case basis**.  

So, if your current grade is L3 or higher, you can request a work‑from‑home arrangement. If your grade is below L3, you would need to seek special approval."
Q11,"According to Zyro Dynamics’ **Code of Conduct – Gifts and Hospitality** policy:

| Situation | Allowed? | Conditions |
|-----------|----------|------------|
| **Gift from a client or vendor** | **Yes** if the gift’s value is **under Rs. 1,000** | • Must be **declared** to your reporting manager. |
| | **No** if the gift’s value is **over Rs. 1,000** | • You must **politely decline** or hand the gift over to HR. |
| **Client‑hosted meal** | Yes | Value must **not exceed Rs. 3,000 per person**. |
| **Vendor‑sponsored domestic travel** | No | Requires **prior written approval** from the CFO. |
| **Accepting cash from any party** | **Never** | Immediate disciplinary action is taken. |

**Bottom line:**  
- You may accept a gift from a client or vendor only if its value is **below Rs. 1,000** and you must declare it to your manager.  
- Gifts above that amount, vendor‑sponsored travel, or any cash acceptance are not permitted."
Q12,I'm an HR assistance chatbot and can answer question related to HR policies.Sorry..! I don't have information to answer your question if you have any other question related to HR policies please ask me
Q13,"**How to raise a POSH complaint and the timeline**

| Step | Action | Deadline (from the incident) |
|------|--------|------------------------------|
| **1. File the complaint** | Submit a **written complaint** (email or sealed letter) to the Internal Complaints Committee (ICC). | **Within 3 months** of the incident (or the last incident in a series). |
| **2. ICC acknowledgement** | ICC acknowledges receipt and forwards a copy to the respondent. | **Within 7 working days** of receiving the complaint. |
| **3. Respondent’s reply** | Respondent is given a chance to submit a written response. | **10 working days** to respond. |
| **4. ICC inquiry** | ICC conducts hearings of both parties and witnesses, and carries out the inquiry. | No fixed time‑limit is specified in the policy, but the inquiry should be conducted promptly after the respondent’s reply. |

**Extension option**  
If you need more time to file the complaint, the ICC may extend the 3‑month period by an additional **3 months** upon a written application with reasons.

**Summary**  
1. Write and send your complaint to the ICC (within 3 months).  
2. ICC will acknowledge within 7 days and forward it to the respondent.  
3. The respondent has 10 days to reply.  
4. The ICC then carries out the inquiry.  

Feel free to reach out to HR if you need help drafting the complaint or have any questions about the process."
Q14,"The notice period you need to give when resigning depends on your **grade**:

| Grade | Notice Period Required | Notice‑Period Buyout |
|-------|------------------------|----------------------|
| L1 – L3 | **30 days** | Not available |
| L4 – L6 | **60 days** | Available at the company’s discretion |

**How to submit the notice**

1. **Written notice** must be sent to both your reporting manager and HR via the ZyroHR portal.  
2. HR will confirm receipt of the notice in writing.  
3. During the notice period, leave can only be taken if specifically approved by your manager and HR.

If you’re unsure of your grade, check your employee profile or ask HR—once you know your grade, you’ll know the exact notice period to serve."
Q15,"Your hotel and daily allowance for international travel depend on your grade. Below is the table from the Travel and Expense Policy (Doc Code: ZDL‑FIN‑001):

| Grade | Hotel per Night (USD) | Daily Allowance (USD) |
|-------|-----------------------|-----------------------|
| L3–L4 | 120 USD | 60 USD |
| L5–L6 | 180 USD | 90 USD |
| L7–L8 | 220 USD | 120 USD |
| L9–L10 | 350 USD | 200 USD |

If you let me know your specific grade, I can give you the exact numbers for your situation."
Q16,I am Sorry currently I am not able to answer your question i will work and answer you question
Q17,"Your ESOP vesting schedule is as follows:

- **Eligibility:** ESOPs are offered to employees at **grade L5 and above**.
- **Vesting Period:** A **4‑year vesting schedule**.
- **Cliff:** The first portion of the options vests after a **1‑year cliff**.  
  After the first year, you will receive the initial portion of your options (typically 25% of the total), and thereafter the remaining options vest **monthly (or quarterly) over the next 3 years**.

So, if you’re at grade L5 or higher, you’ll start receiving your ESOPs after the first year, and then they’ll fully vest over the following 3 years."
Q18,I'm an HR assistance chatbot and can answer question related to HR policies.Sorry..! I don't have information to answer your question if you have any other question related to HR policies please ask me
Q19,I'm an HR assistance chatbot and can answer question related to HR policies.Sorry..! I don't have information to answer your question if you have any other question related to HR policies please ask me
Q20,"I’m sorry, but I’m not able to answer that question at the moment."
